-- Insertar datos en PAIS
INSERT INTO PAIS (ID_PAIS, NOMBRE_PAIS) VALUES ('ARG', 'ARGENTINA');

-- Insertar datos en PROVINCIA
INSERT INTO PROVINCIA (NOMBRE_PROVINCIA, ID_PAIS) VALUES ('CORDOBA', 'ARG');

-- Insertar datos en DIRECCIONES
INSERT INTO DIRECCIONES (DIRECCION, CODIGO_POSTAL, CIUDAD, ID_PAIS, ID_PROVINCIA) VALUES
('AV SAN MARTIN 100', '5000', 'CORDOBA', 'ARG', 1),
('AV COLON 200', '5001', 'CORDOBA', 'ARG', 1),
('AV JUAN B JUSTO 300', '5002', 'CORDOBA', 'ARG', 1);

-- Insertar datos en EMPLEADOS
INSERT INTO EMPLEADOS (NOMBRE, APELLIDO, CORREO, TELEFONO) VALUES
('JUAN', 'PEREZ', 'juan.perez@empresa.com', '3511234567'),
('MARIA', 'GOMEZ', 'maria.gomez@empresa.com', '3511234568'),
('CARLOS', 'LOPEZ', 'carlos.lopez@empresa.com', '3511234569'),
('ANA', 'FERNANDEZ', 'ana.fernandez@empresa.com', '3511234570'),
('LUIS', 'MARTINEZ', 'luis.martinez@empresa.com', '3511234571'),
('SOFIA', 'TORRES', 'sofia.torres@empresa.com', '3511234572'),
('MIGUEL', 'CASTRO', 'miguel.castro@empresa.com', '3511234573'),
('LAURA', 'RUIZ', 'laura.ruiz@empresa.com', '3511234574'),
('DANIEL', 'VEGA', 'daniel.vega@empresa.com', '3511234575'),
('CAROLINA', 'SOSA', 'carolina.sosa@empresa.com', '3511234576');

-- Insertar datos en DEPARTAMENTOS
INSERT INTO DEPARTAMENTOS (NOMBRE_DEPARTAMENTO, ID_JEFE, ID_DIRECCION) VALUES
('ADMINISTRACION', 1, 1),
('COMERCIAL', 2, 2),
('RRHH', 3, 1),
('MARKETING', 4, 2),
('IT', 5, 3);

-- Insertar datos en EMPLEOS
INSERT INTO EMPLEOS (ID_EMPLEO, ID_DEPARTAMENTO, TITULO_EMPLEO, SALARIO_MINIMO, SALARIO_MAXIMO) VALUES
('ADM01', 1, 'ASISTENTE ADMINISTRATIVO', 800000.00, 1000000.00),
('ADM02', 1, 'GERENTE ADMINISTRATIVO', 1200000.00, 1500000.00),
('COM01', 2, 'VENDEDOR', 850000.00, 1100000.00),
('COM02', 2, 'GERENTE COMERCIAL', 1250000.00, 1500000.00),
('RRHH01', 3, 'ANALISTA RRHH', 900000.00, 1100000.00),
('RRHH02', 3, 'GERENTE RRHH', 1300000.00, 1500000.00),
('MKT01', 4, 'ANALISTA MARKETING', 850000.00, 1050000.00),
('MKT02', 4, 'GERENTE DE MARKETING', 1350000.00, 1500000.00),
('IT01', 5, 'SOPORTE IT', 950000.00, 1200000.00),
('IT02', 5, 'GERENTE IT', 1400000.00, 1500000.00);

-- Insertar datos en HISTORIAL_EMPLEOS
INSERT INTO HISTORIAL_EMPLEOS (ID_EMPLEADO, FECHA_INICIO, FECHA_FIN, ID_EMPLEO, ID_DEPARTAMENTO) VALUES
(1, '2022-01-15', NULL, 'ADM02', 1),
(2, '2022-03-01', NULL, 'COM02', 2),
(3, '2021-11-20', NULL, 'RRHH02', 3),
(4, '2022-06-10', NULL, 'MKT01', 4),
(5, '2021-08-25', NULL, 'IT01', 5),
(6, '2024-05-05', NULL, 'ADM01', 1),
(7, '2021-07-15', NULL, 'COM01', 2),
(8, '2024-02-01', NULL, 'RRHH01', 3),
(9, '2022-09-12', '2024-08-30', 'MKT01', 4),
(10, '2020-12-10', '2023-12-31', 'IT01', 5),
(10, '2024-01-01', NULL, 'IT02', 5);

-- Insertar datos en TIPOS_PAGOS
INSERT INTO TIPOS_PAGOS (DESCRIPCION) VALUES
('SUELDO'),
('BONO'),
('AGUINALDO');

-- Insertar datos en HISTORIAL_PAGOS
INSERT INTO HISTORIAL_PAGOS (ID_EMPLEADO, ID_EMPLEO, ID_HIST_EMPLEO, ID_TIPO_PAGO, FECHA_PAGO, MONTO) VALUES
(1, 'ADM02', 1, 1, '2024-11-01', 900000.00),
(1, 'ADM02', 1, 2, '2024-11-15', 50000.00),
(2, 'COM02', 2, 1, '2024-11-01', 950000.00),
(2, 'COM02', 2, 2, '2024-11-15', 55000.00),
(3, 'RRHH02', 3, 1, '2024-11-01', 950000.00),  
(3, 'RRHH02', 3, 2, '2024-11-15', 52000.00),  
(4, 'MKT01', 4, 1, '2024-11-01', 1050000.00), 
(4, 'MKT01', 4, 2, '2024-11-15', 60000.00), 
(5, 'IT01', 5, 1, '2024-11-01', 1000000.00),
(5, 'IT01', 5, 2, '2024-11-15', 45000.00),  
(6, 'ADM01', 6, 1, '2024-11-01', 900000.00), 
(6, 'ADM01', 6, 2, '2024-11-15', 50000.00),  
(7, 'COM01', 7, 1, '2024-11-01', 950000.00), 
(7, 'COM01', 7, 2, '2024-11-15', 55000.00),  
(8, 'RRHH01', 8, 1, '2024-11-01', 950000.00),  
(8, 'RRHH01', 8, 2, '2024-11-15', 52000.00),
(9, 'MKT01', 9, 1, '2024-11-01', 1050000.00),
(9, 'MKT01', 9, 2, '2024-11-15', 65000.00),
(10, 'IT02', 11, 1, '2024-11-01', 1050000.00),
(10, 'IT02', 11, 1, '2024-11-15', 65000.00)
;